<?xml version="1.0" encoding="utf-8"?>
<extension type="component" version="3.0" method="upgrade">
	<name>COM_MITOLOGIAASTURIANA</name>
	<author>Copanonga</author>
	<creationDate>2020/05/01</creationDate>
	<copyright>(C) Copanonga</copyright>
	<license>Licencia Copanonga</license>
	<authorEmail>copanonga@gmail.com</authorEmail>
	<authorUrl>https://copanonga.github.io/</authorUrl>
	<version>0.0.1</version>
	<description>COM_MITOLOGIAASTURIANA_XML_DESCRIPTION</description>

	<scriptfile>script.php</scriptfile>

	<install>
		<sql>
			<file driver="mysql" charset="utf8">sql/install.mysql.utf8.sql</file>
		</sql>
	</install>
	<uninstall>
		<sql>
			<file driver="mysql" charset="utf8">sql/uninstall.mysql.utf8.sql</file>
		</sql>
	</uninstall>
        
	<files folder="site">
            <filename>index.html</filename>
            <filename>mitologiaasturiana.php</filename>
            <filename>funciones.php</filename>
            <filename>controller.php</filename>
            <folder>controllers</folder>
            <folder>helpers</folder>
            <folder>js</folder>
            <folder>language</folder>
            <folder>modal</folder>
            <folder>models</folder>
            <folder>views</folder>
	</files>
        
        <languages folder="site">
            <language tag="es-ES">language/es-ES/es-ES.com_mitologiaasturiana.ini</language>
        </languages>

        <administration>
            <menu img="class:categories">COM_MITOLOGIAASTURIANA_MENU</menu>

            <files folder="admin">
                <filename>index.html</filename>
                <filename>access.xml</filename>
                <filename>config.xml</filename>
                <filename>mitologiaasturiana.php</filename>
                <filename>controller.php</filename>
                <folder>language</folder>
                <folder>sql</folder>
                <folder>tables</folder>
                <folder>views</folder>
            </files>
            
            <languages folder="admin">
                <language tag="es-ES">language/es-ES/es-ES.com_mitologiaasturiana.ini</language>
                <language tag="es-ES">language/es-ES/es-ES.com_mitologiaasturiana.sys.ini</language>
            </languages>

	</administration>
</extension>